combo,reduction_activity_score_1_fast_0_slow
CN_1#NN_1,0.2643419169718011
CN_1#NN_2,0.1920023036488181
CN_1#NN_3,0.21597914412472652
CN_1#NN_4,0.21016680016864986
CN_1#NN_5,0.23147419235708966
CN_1#NN_6,0.57793510270386
CN_1#NN_7,0.19123492286538546
CN_1#NN_8,0.0
CN_1#NN_9,0.2271582232781395
CN_1#NN_11,0.15170222679170042
CN_1#NN_14,0.4267522023460013
CN_1#NN_16,0.31034123693326987
CN_1#NN_17,0.6055017615567985
CN_1#NN_19,0.21798748944327562
CN_1#NN_20,0.3518341319092233
CN_1#NN_21,0.21386878505872198
CN_1#NN_23,0.0
CN_1#NN_24,0.0
CN_1#NN_26,0.3885156055445599
CN_1#NN_33,0.3567851126022292
CN_1#NN_34,0.41371707470343866
CN_1#NN_37,0.0
CN_1#NN_40,0.0
CN_1#NN_44,0.29832815834792636
CN_2#NN_1,0.2041635085084763
CN_2#NN_2,0.19215522961720555
CN_2#NN_3,0.22053583300339885
CN_2#NN_4,0.13028473585681033
CN_2#NN_5,0.348887642478941
CN_2#NN_6,0.0
CN_2#NN_7,0.2075003362372877
CN_2#NN_8,0.0
CN_2#NN_9,0.35063081990849665
CN_2#NN_11,0.1330880127776911
CN_2#NN_14,0.3207199001684726
CN_2#NN_16,0.3075835060947598
CN_2#NN_17,0.5688800423197269
CN_2#NN_19,0.26018509040397453
CN_2#NN_20,0.48111078493750004
CN_2#NN_21,0.4585409545809399
CN_2#NN_23,0.0
CN_2#NN_24,0.0
CN_2#NN_26,0.3416553634697199
CN_2#NN_33,0.36857386896191136
CN_2#NN_34,0.41941407422681576
CN_2#NN_37,0.0
CN_2#NN_40,0.0
CN_2#NN_44,0.2845345797853843
CN_3#NN_1,0.152918724358027
CN_3#NN_2,0.060544879147747754
CN_3#NN_3,0.181950928389765
CN_3#NN_4,0.2870108932460649
CN_3#NN_5,0.0
CN_3#NN_6,0.0
CN_3#NN_7,0.15983374143976714
CN_3#NN_8,0.0
CN_3#NN_9,0.5084328910661293
CN_3#NN_11,0.0
CN_3#NN_14,0.26942125423031016
CN_3#NN_16,0.32417799236612144
CN_3#NN_17,0.5834837032435187
CN_3#NN_19,0.12959296624146555
CN_3#NN_20,0.0
CN_3#NN_21,0.5074934227130308
CN_3#NN_23,0.0
CN_3#NN_24,0.0
CN_3#NN_26,0.0
CN_3#NN_33,0.0
CN_3#NN_34,0.439620514645636
CN_3#NN_37,0.0
CN_3#NN_40,0.0
CN_3#NN_44,0.3141595539871972
CN_4#NN_1,0.19741796334014217
CN_4#NN_2,0.15153901717549378
CN_4#NN_3,0.26712021951953546
CN_4#NN_4,0.0
CN_4#NN_5,0.0
CN_4#NN_6,0.0
CN_4#NN_7,0.397630419255095
CN_4#NN_8,0.0
CN_4#NN_9,0.0
CN_4#NN_11,0.3398063202181799
CN_4#NN_14,0.35271604686867586
CN_4#NN_16,0.5929859060872531
CN_4#NN_17,0.5878269089103365
CN_4#NN_19,0.0
CN_4#NN_20,0.0
CN_4#NN_21,0.31630975515479365
CN_4#NN_23,0.0
CN_4#NN_24,0.0
CN_4#NN_26,0.5352339908985486
CN_4#NN_33,0.0
CN_4#NN_34,0.0
CN_4#NN_37,0.0
CN_4#NN_40,0.0
CN_4#NN_44,0.16666776715039533
CN_5#NN_1,0.0
CN_5#NN_2,0.0
CN_5#NN_3,0.0
CN_5#NN_4,0.0
CN_5#NN_5,0.0
CN_5#NN_6,0.0
CN_5#NN_7,0.0
CN_5#NN_8,0.0
CN_5#NN_9,0.0
CN_5#NN_11,0.7014966498986352
CN_5#NN_14,0.3926913663054623
CN_5#NN_16,0.5864757790033099
CN_5#NN_17,0.596384837657432
CN_5#NN_19,0.0
CN_5#NN_20,0.0
CN_5#NN_21,0.7704725383128304
CN_5#NN_23,0.0
CN_5#NN_24,0.0
CN_5#NN_26,0.0
CN_5#NN_33,0.0
CN_5#NN_34,0.0
CN_5#NN_37,0.0
CN_5#NN_40,0.0
CN_5#NN_44,0.3339770494525667
CN_6#NN_1,0.22466534819517692
CN_6#NN_2,0.08779376569732977
CN_6#NN_3,0.19554136881688344
CN_6#NN_4,0.6602766944586913
CN_6#NN_5,0.8168735556231586
CN_6#NN_6,0.0
CN_6#NN_7,0.0
CN_6#NN_8,0.0
CN_6#NN_9,0.7800134380071617
CN_6#NN_11,0.02352962687914173
CN_6#NN_14,0.4809217578468399
CN_6#NN_16,0.6899928091585246
CN_6#NN_17,0.762884145534966
CN_6#NN_19,0.4040523665818079
CN_6#NN_20,0.0
CN_6#NN_21,0.5149201843825298
CN_6#NN_23,0.0
CN_6#NN_24,0.0
CN_6#NN_26,0.0
CN_6#NN_33,0.0
CN_6#NN_34,0.0
CN_6#NN_37,0.0
CN_6#NN_40,0.0
CN_6#NN_44,0.6839926817153569
CN_7#NN_1,0.0
CN_7#NN_2,0.0
CN_7#NN_3,0.0
CN_7#NN_4,0.0
CN_7#NN_5,0.0
CN_7#NN_6,0.0
CN_7#NN_7,0.8650587227924166
CN_7#NN_8,0.0
CN_7#NN_9,0.0
CN_7#NN_11,0.8124001169748368
CN_7#NN_14,0.3415551029028674
CN_7#NN_16,0.3119083840887582
CN_7#NN_17,0.5754394374649746
CN_7#NN_19,0.6575625407817263
CN_7#NN_20,0.5120298381664212
CN_7#NN_21,0.6682532942952923
CN_7#NN_23,0.0
CN_7#NN_24,0.0
CN_7#NN_26,0.2112804380454364
CN_7#NN_33,0.3016182032021917
CN_7#NN_34,0.30249346334660576
CN_7#NN_37,0.0
CN_7#NN_40,0.0
CN_7#NN_44,0.22657620640340614
CN_8#NN_1,0.3011694701082026
CN_8#NN_2,0.2656463608659714
CN_8#NN_3,0.20177209808679308
CN_8#NN_4,0.2843402523615942
CN_8#NN_5,0.0
CN_8#NN_6,0.6104484279742688
CN_8#NN_7,0.2744880348805593
CN_8#NN_8,0.0
CN_8#NN_9,0.2692781837735354
CN_8#NN_11,0.11660084460534015
CN_8#NN_14,0.0
CN_8#NN_16,0.0
CN_8#NN_17,0.0
CN_8#NN_19,0.3261789448911575
CN_8#NN_20,0.0
CN_8#NN_21,0.7244391019841534
CN_8#NN_23,0.0
CN_8#NN_24,0.0
CN_8#NN_26,0.0
CN_8#NN_33,0.0
CN_8#NN_34,0.0
CN_8#NN_37,0.0
CN_8#NN_40,0.0
CN_8#NN_44,0.0
CN_9#NN_1,0.37478355894109294
CN_9#NN_2,0.36144212233428097
CN_9#NN_3,0.24660772827962085
CN_9#NN_4,0.41212104404321404
CN_9#NN_5,0.0
CN_9#NN_6,0.38792887001580045
CN_9#NN_7,0.0
CN_9#NN_8,0.7030015210743426
CN_9#NN_9,0.0
CN_9#NN_11,0.6456787303168656
CN_9#NN_14,0.4364264145171486
CN_9#NN_16,0.4017209344713446
CN_9#NN_17,0.8396510468331349
CN_9#NN_19,0.42469753527910237
CN_9#NN_20,0.3357309510996017
CN_9#NN_21,0.0
CN_9#NN_23,0.0
CN_9#NN_24,0.0
CN_9#NN_26,0.6342854562265874
CN_9#NN_33,0.4031375458161348
CN_9#NN_34,0.4502410898697179
CN_9#NN_37,0.0
CN_9#NN_40,0.0
CN_9#NN_44,0.3430613164399555
CN_10#NN_1,0.21795701583966098
CN_10#NN_2,0.2368927454648021
CN_10#NN_3,0.238822939564462
CN_10#NN_4,0.23606584257376528
CN_10#NN_5,0.43420279084031776
CN_10#NN_6,0.24928552361372136
CN_10#NN_7,0.0
CN_10#NN_8,0.2273485305672076
CN_10#NN_9,0.31927129473654403
CN_10#NN_11,0.28806308507925593
CN_10#NN_14,0.17894587284159302
CN_10#NN_16,0.10537828085724021
CN_10#NN_17,0.3230633875608556
CN_10#NN_19,0.25998698251779295
CN_10#NN_20,0.2665623549725986
CN_10#NN_21,0.30525551665700923
CN_10#NN_23,0.47354386264266624
CN_10#NN_24,0.37041637430699814
CN_10#NN_26,0.2341281041458828
CN_10#NN_33,0.24737408771633784
CN_10#NN_34,0.28019172049595686
CN_10#NN_37,0.0
CN_10#NN_40,0.18952405513675863
CN_10#NN_44,0.16748807404604382
CN_11#NN_1,0.25963773071507523
CN_11#NN_2,0.34476983636824265
CN_11#NN_3,0.4160958621345997
CN_11#NN_4,0.0
CN_11#NN_5,0.0
CN_11#NN_6,0.0
CN_11#NN_7,0.0
CN_11#NN_8,0.0
CN_11#NN_9,0.0
CN_11#NN_11,0.26593242235117265
CN_11#NN_14,0.2964425731815672
CN_11#NN_16,0.2247347993648905
CN_11#NN_17,0.40688721985755427
CN_11#NN_19,0.3220458176765161
CN_11#NN_20,0.5886095815405954
CN_11#NN_21,0.3418975875624808
CN_11#NN_23,0.0
CN_11#NN_24,0.0
CN_11#NN_26,0.36063841340389124
CN_11#NN_33,0.29611465674713977
CN_11#NN_34,0.3530485883605162
CN_11#NN_37,0.0
CN_11#NN_40,0.0
CN_11#NN_44,0.3122658518043351
CN_12#NN_1,0.2781220972612466
CN_12#NN_2,0.47024468925239293
CN_12#NN_3,0.6116750249946057
CN_12#NN_4,0.0
CN_12#NN_5,0.0
CN_12#NN_6,0.0
CN_12#NN_7,0.0
CN_12#NN_8,0.0
CN_12#NN_9,0.0
CN_12#NN_11,0.29600171149058674
CN_12#NN_14,0.3255753646420707
CN_12#NN_16,0.26484030095237354
CN_12#NN_17,0.40147254224099616
CN_12#NN_19,0.360624279032122
CN_12#NN_20,0.6181841907808292
CN_12#NN_21,0.9276114191683996
CN_12#NN_23,0.0
CN_12#NN_24,0.0
CN_12#NN_26,0.2607387076649681
CN_12#NN_33,0.0
CN_12#NN_34,0.5680962156753905
CN_12#NN_37,0.0
CN_12#NN_40,0.0
CN_12#NN_44,0.3325859958899626
CN_13#NN_1,0.0
CN_13#NN_2,0.6896471625176321
CN_13#NN_3,0.5259194954874855
CN_13#NN_4,0.0
CN_13#NN_5,0.9043696880285935
CN_13#NN_6,0.0
CN_13#NN_7,0.0
CN_13#NN_8,0.0
CN_13#NN_9,0.0
CN_13#NN_11,0.3069284775726282
CN_13#NN_14,0.383370140819111
CN_13#NN_16,0.0
CN_13#NN_17,0.0
CN_13#NN_19,0.6360190078788233
CN_13#NN_20,0.0
CN_13#NN_21,0.0
CN_13#NN_23,0.0
CN_13#NN_24,0.0
CN_13#NN_26,0.0
CN_13#NN_33,0.0
CN_13#NN_34,0.0
CN_13#NN_37,0.0
CN_13#NN_40,0.0
CN_13#NN_44,0.0
CN_14#NN_1,0.2519590696860766
CN_14#NN_2,0.28139845550912934
CN_14#NN_3,0.27548076284598455
CN_14#NN_4,0.0
CN_14#NN_5,0.0
CN_14#NN_6,0.0
CN_14#NN_7,0.0
CN_14#NN_8,0.4039792544007079
CN_14#NN_9,0.0
CN_14#NN_11,0.7773909337660923
CN_14#NN_14,0.29983731442266337
CN_14#NN_16,0.2505935052199094
CN_14#NN_17,0.5303247742696754
CN_14#NN_19,0.30858341526763733
CN_14#NN_20,0.2926641976902463
CN_14#NN_21,0.0
CN_14#NN_23,0.0
CN_14#NN_24,0.0
CN_14#NN_26,0.25634345816204385
CN_14#NN_33,0.2830329172459285
CN_14#NN_34,0.0
CN_14#NN_37,0.0
CN_14#NN_40,0.0
CN_14#NN_44,0.25796221760298943
CN_15#NN_1,0.1572274170699719
CN_15#NN_2,0.28345719694215477
CN_15#NN_3,0.2772197161901395
CN_15#NN_4,0.2442220410219259
CN_15#NN_5,0.0
CN_15#NN_6,0.2999275270504922
CN_15#NN_7,0.0
CN_15#NN_8,0.4884382672916473
CN_15#NN_9,0.2956347251779088
CN_15#NN_11,0.7001209178919452
CN_15#NN_14,0.26295810356286886
CN_15#NN_16,0.28617527703546264
CN_15#NN_17,0.3968083706980483
CN_15#NN_19,0.220935699965785
CN_15#NN_20,0.2547358407950546
CN_15#NN_21,0.1746026842874565
CN_15#NN_23,0.3404925299627667
CN_15#NN_24,0.5197338868760532
CN_15#NN_26,0.23757123967433602
CN_15#NN_33,0.29403129845140175
CN_15#NN_34,0.2931103039368962
CN_15#NN_37,0.0
CN_15#NN_40,0.854963255968291
CN_15#NN_44,0.27707005539977303
CN_23#NN_1,0.0
CN_23#NN_2,0.0
CN_23#NN_3,0.0
CN_23#NN_4,0.0
CN_23#NN_5,0.0
CN_23#NN_6,0.0
CN_23#NN_7,0.0
CN_23#NN_8,0.0
CN_23#NN_9,0.0
CN_23#NN_11,0.0
CN_23#NN_14,0.0
CN_23#NN_16,0.0
CN_23#NN_17,0.0
CN_23#NN_19,0.0
CN_23#NN_20,0.0
CN_23#NN_21,0.0
CN_23#NN_23,0.0
CN_23#NN_24,0.0
CN_23#NN_26,0.0
CN_23#NN_33,0.0
CN_23#NN_34,0.0
CN_23#NN_37,0.0
CN_23#NN_40,0.0
CN_23#NN_44,0.0
CN_26#NN_1,0.1335343824250279
CN_26#NN_2,0.2151580914440503
CN_26#NN_3,0.263441920206962
CN_26#NN_4,0.6663074084612082
CN_26#NN_5,0.0
CN_26#NN_6,0.0
CN_26#NN_7,0.0
CN_26#NN_8,0.40831011573544707
CN_26#NN_9,0.0
CN_26#NN_11,0.29201200209725764
CN_26#NN_14,0.29609697188767325
CN_26#NN_16,0.14710641370319644
CN_26#NN_17,0.34481655381909315
CN_26#NN_19,0.38594596035790096
CN_26#NN_20,0.3054805123264904
CN_26#NN_21,0.0
CN_26#NN_23,0.0
CN_26#NN_24,0.0
CN_26#NN_26,0.5059292220332777
CN_26#NN_33,0.18514086631144167
CN_26#NN_34,0.24099517318459018
CN_26#NN_37,0.0
CN_26#NN_40,0.0
CN_26#NN_44,0.32475056284516135
CN_27#NN_1,0.2725868887738975
CN_27#NN_2,0.20931930480298877
CN_27#NN_3,0.46551990442820534
CN_27#NN_4,0.32233580816364615
CN_27#NN_5,0.0
CN_27#NN_6,0.0
CN_27#NN_7,0.0
CN_27#NN_8,0.4060168702251292
CN_27#NN_9,0.0
CN_27#NN_11,0.5133538723680916
CN_27#NN_14,0.5998935513408395
CN_27#NN_16,0.2738279126209152
CN_27#NN_17,0.789771538847571
CN_27#NN_19,0.8501668744383868
CN_27#NN_20,0.0
CN_27#NN_21,0.0
CN_27#NN_23,0.0
CN_27#NN_24,0.0
CN_27#NN_26,0.33644518541363244
CN_27#NN_33,0.42836775295317375
CN_27#NN_34,0.7909302233693536
CN_27#NN_37,0.0
CN_27#NN_40,0.0
CN_27#NN_44,0.5038042432660437
CN_29#NN_1,0.0
CN_29#NN_2,0.0
CN_29#NN_3,0.0
CN_29#NN_4,0.0
CN_29#NN_5,0.0
CN_29#NN_6,0.0
CN_29#NN_7,0.0
CN_29#NN_8,0.0
CN_29#NN_9,0.0
CN_29#NN_11,0.0
CN_29#NN_14,0.0
CN_29#NN_16,0.6524690897500021
CN_29#NN_17,0.0
CN_29#NN_19,0.0
CN_29#NN_20,0.0
CN_29#NN_21,0.0
CN_29#NN_23,0.0
CN_29#NN_24,0.0
CN_29#NN_26,0.0
CN_29#NN_33,0.0
CN_29#NN_34,0.0
CN_29#NN_37,0.0
CN_29#NN_40,0.0
CN_29#NN_44,1.0
CN_30#NN_1,0.11266787566637593
CN_30#NN_2,0.2054313640619505
CN_30#NN_3,0.2648202207688236
CN_30#NN_4,0.324086426603061
CN_30#NN_5,0.0
CN_30#NN_6,0.0
CN_30#NN_7,0.0
CN_30#NN_8,0.2389463103442938
CN_30#NN_9,0.0
CN_30#NN_11,0.33526554242338413
CN_30#NN_14,0.26786540764915723
CN_30#NN_16,0.23628100223723314
CN_30#NN_17,0.3917617637432551
CN_30#NN_19,0.3210015097162098
CN_30#NN_20,0.31079457764583995
CN_30#NN_21,0.5911946210554537
CN_30#NN_23,0.0
CN_30#NN_24,0.0
CN_30#NN_26,0.24935468141910222
CN_30#NN_33,0.2964775762958832
CN_30#NN_34,0.2880188867746889
CN_30#NN_37,0.0
CN_30#NN_40,0.0
CN_30#NN_44,0.20450533456506303
CN_32#NN_1,0.2394217584001972
CN_32#NN_2,0.262659360058459
CN_32#NN_3,0.2830901545507085
CN_32#NN_4,0.29719480588792224
CN_32#NN_5,0.0
CN_32#NN_6,0.7706472089874079
CN_32#NN_7,0.0
CN_32#NN_8,0.3044266622297379
CN_32#NN_9,0.0
CN_32#NN_11,0.5303176589751144
CN_32#NN_14,0.2761344509940721
CN_32#NN_16,0.25879635353722397
CN_32#NN_17,0.3224489538732931
CN_32#NN_19,0.3080142804276068
CN_32#NN_20,0.35117075454570146
CN_32#NN_21,0.5528350235389623
CN_32#NN_23,0.0
CN_32#NN_24,0.0
CN_32#NN_26,0.339877256314718
CN_32#NN_33,0.5063290986817639
CN_32#NN_34,0.6969186854985536
CN_32#NN_37,0.0
CN_32#NN_40,0.0
CN_32#NN_44,0.2601648392393211
CN_33#NN_1,0.3256197869293701
CN_33#NN_2,0.39347901432314014
CN_33#NN_3,0.0
CN_33#NN_4,0.0
CN_33#NN_5,0.0
CN_33#NN_6,0.0
CN_33#NN_7,0.0
CN_33#NN_8,0.0
CN_33#NN_9,0.0
CN_33#NN_11,0.8085347700525847
CN_33#NN_14,0.2557716440242668
CN_33#NN_16,0.22468174106847139
CN_33#NN_17,0.896969515052744
CN_33#NN_19,0.3192401359117464
CN_33#NN_20,0.24868437608942195
CN_33#NN_21,0.6616252280185295
CN_33#NN_23,0.0
CN_33#NN_24,0.0
CN_33#NN_26,0.3110777502397105
CN_33#NN_33,0.28830376293778914
CN_33#NN_34,0.3934839110829602
CN_33#NN_37,0.0
CN_33#NN_40,0.0
CN_33#NN_44,0.20251373164866038
CN_35#NN_1,0.3091983139657274
CN_35#NN_2,0.31781453824975714
CN_35#NN_3,0.3362935701546579
CN_35#NN_4,0.0
CN_35#NN_5,0.0
CN_35#NN_6,0.0
CN_35#NN_7,0.0
CN_35#NN_8,0.6936576921089972
CN_35#NN_9,0.0
CN_35#NN_11,0.5462036779296153
CN_35#NN_14,0.4095708006459383
CN_35#NN_16,0.2890347423918016
CN_35#NN_17,0.0
CN_35#NN_19,0.33662160821541565
CN_35#NN_20,0.0
CN_35#NN_21,0.0
CN_35#NN_23,0.0
CN_35#NN_24,0.0
CN_35#NN_26,0.3612470067382757
CN_35#NN_33,0.3796283839486768
CN_35#NN_34,0.4059300542954696
CN_35#NN_37,0.0
CN_35#NN_40,0.0
CN_35#NN_44,0.251130114137613
CN_36#NN_1,0.31627155750035363
CN_36#NN_2,0.22513661507450855
CN_36#NN_3,0.20559703449681843
CN_36#NN_4,0.6538750240273968
CN_36#NN_5,0.0
CN_36#NN_6,0.0
CN_36#NN_7,0.0
CN_36#NN_8,0.34346532648808903
CN_36#NN_9,0.0
CN_36#NN_11,0.36595961018288214
CN_36#NN_14,0.3283830262932481
CN_36#NN_16,0.2902672693050721
CN_36#NN_17,0.8957061415856846
CN_36#NN_19,0.3318701315194874
CN_36#NN_20,0.5298015917763974
CN_36#NN_21,0.2850770120794971
CN_36#NN_23,0.0
CN_36#NN_24,0.0
CN_36#NN_26,0.30602099591579135
CN_36#NN_33,0.3779291556042972
CN_36#NN_34,0.0
CN_36#NN_37,0.0
CN_36#NN_40,0.0
CN_36#NN_44,0.2830198318600754
